arm,requested_step,evidence_tier,num_seeds,run_ids,mean/grad_norm,std/grad_norm,min/grad_norm,max/grad_norm,mean/projection_grad_rms/diffusion_input,std/projection_grad_rms/diffusion_input,min/projection_grad_rms/diffusion_input,max/projection_grad_rms/diffusion_input,mean/projection_grad_rms/diffusion_output,std/projection_grad_rms/diffusion_output,min/projection_grad_rms/diffusion_output,max/projection_grad_rms/diffusion_output,mean/projection_grad_rms/token_proj,std/projection_grad_rms/token_proj,min/projection_grad_rms/token_proj,max/projection_grad_rms/token_proj,mean/spectral/log_amplitude_bias,std/spectral/log_amplitude_bias,min/spectral/log_amplitude_bias,max/spectral/log_amplitude_bias,mean/spectral/log_amplitude_mae,std/spectral/log_amplitude_mae,min/spectral/log_amplitude_mae,max/spectral/log_amplitude_mae,mean/spectral/normalized_active_mse,std/spectral/normalized_active_mse,min/spectral/normalized_active_mse,max/spectral/normalized_active_mse,mean/spectral/phase_circular_error,std/spectral/phase_circular_error,min/spectral/phase_circular_error,max/spectral/phase_circular_error,mean/spectral/phase_coherence,std/spectral/phase_coherence,min/spectral/phase_coherence,max/spectral/phase_coherence,mean/spectral/physical_complex_nrmse,std/spectral/physical_complex_nrmse,min/spectral/physical_complex_nrmse,max/spectral/physical_complex_nrmse,mean/spectral/radial_power_relative_error,std/spectral/radial_power_relative_error,min/spectral/radial_power_relative_error,max/spectral/radial_power_relative_error,mean/spectral/timestep/0/phase_circular_error,std/spectral/timestep/0/phase_circular_error,min/spectral/timestep/0/phase_circular_error,max/spectral/timestep/0/phase_circular_error,mean/spectral/timestep/0/physical_complex_nrmse,std/spectral/timestep/0/physical_complex_nrmse,min/spectral/timestep/0/physical_complex_nrmse,max/spectral/timestep/0/physical_complex_nrmse,mean/spectral/timestep/533/phase_circular_error,std/spectral/timestep/533/phase_circular_error,min/spectral/timestep/533/phase_circular_error,max/spectral/timestep/533/phase_circular_error,mean/spectral/timestep/533/physical_complex_nrmse,std/spectral/timestep/533/physical_complex_nrmse,min/spectral/timestep/533/physical_complex_nrmse,max/spectral/timestep/533/physical_complex_nrmse,mean/spectral/timestep/999/phase_circular_error,std/spectral/timestep/999/phase_circular_error,min/spectral/timestep/999/phase_circular_error,max/spectral/timestep/999/phase_circular_error,mean/spectral/timestep/999/physical_complex_nrmse,std/spectral/timestep/999/physical_complex_nrmse,min/spectral/timestep/999/physical_complex_nrmse,max/spectral/timestep/999/physical_complex_nrmse,mean/improvement/spectral/log_amplitude_bias,std/improvement/spectral/log_amplitude_bias,min/improvement/spectral/log_amplitude_bias,max/improvement/spectral/log_amplitude_bias,mean/improvement/spectral/log_amplitude_mae,std/improvement/spectral/log_amplitude_mae,min/improvement/spectral/log_amplitude_mae,max/improvement/spectral/log_amplitude_mae,mean/improvement/spectral/normalized_active_mse,std/improvement/spectral/normalized_active_mse,min/improvement/spectral/normalized_active_mse,max/improvement/spectral/normalized_active_mse,mean/improvement/spectral/phase_circular_error,std/improvement/spectral/phase_circular_error,min/improvement/spectral/phase_circular_error,max/improvement/spectral/phase_circular_error,mean/improvement/spectral/phase_coherence,std/improvement/spectral/phase_coherence,min/improvement/spectral/phase_coherence,max/improvement/spectral/phase_coherence,mean/improvement/spectral/physical_complex_nrmse,std/improvement/spectral/physical_complex_nrmse,min/improvement/spectral/physical_complex_nrmse,max/improvement/spectral/physical_complex_nrmse,mean/improvement/spectral/radial_power_relative_error,std/improvement/spectral/radial_power_relative_error,min/improvement/spectral/radial_power_relative_error,max/improvement/spectral/radial_power_relative_error,mean/improvement/spectral/timestep/0/phase_circular_error,std/improvement/spectral/timestep/0/phase_circular_error,min/improvement/spectral/timestep/0/phase_circular_error,max/improvement/spectral/timestep/0/phase_circular_error,mean/improvement/spectral/timestep/0/physical_complex_nrmse,std/improvement/spectral/timestep/0/physical_complex_nrmse,min/improvement/spectral/timestep/0/physical_complex_nrmse,max/improvement/spectral/timestep/0/physical_complex_nrmse,mean/improvement/spectral/timestep/533/phase_circular_error,std/improvement/spectral/timestep/533/phase_circular_error,min/improvement/spectral/timestep/533/phase_circular_error,max/improvement/spectral/timestep/533/phase_circular_error,mean/improvement/spectral/timestep/533/physical_complex_nrmse,std/improvement/spectral/timestep/533/physical_complex_nrmse,min/improvement/spectral/timestep/533/physical_complex_nrmse,max/improvement/spectral/timestep/533/physical_complex_nrmse,mean/improvement/spectral/timestep/999/phase_circular_error,std/improvement/spectral/timestep/999/phase_circular_error,min/improvement/spectral/timestep/999/phase_circular_error,max/improvement/spectral/timestep/999/phase_circular_error,mean/improvement/spectral/timestep/999/physical_complex_nrmse,std/improvement/spectral/timestep/999/physical_complex_nrmse,min/improvement/spectral/timestep/999/physical_complex_nrmse,max/improvement/spectral/timestep/999/physical_complex_nrmse,mean/output_gain/max,std/output_gain/max,min/output_gain/max,max/output_gain/max,mean/output_gain/mean,std/output_gain/mean,min/output_gain/mean,max/output_gain/mean,mean/output_gain/min,std/output_gain/min,min/output_gain/min,max/output_gain/min,mean/robustness/condition_cosine,std/robustness/condition_cosine,min/robustness/condition_cosine,max/robustness/condition_cosine,mean/robustness/condition_relative_rms,std/robustness/condition_relative_rms,min/robustness/condition_relative_rms,max/robustness/condition_relative_rms,mean/robustness/gaussian/phase_circular_error,std/robustness/gaussian/phase_circular_error,min/robustness/gaussian/phase_circular_error,max/robustness/gaussian/phase_circular_error,mean/robustness/gaussian/physical_complex_nrmse,std/robustness/gaussian/physical_complex_nrmse,min/robustness/gaussian/physical_complex_nrmse,max/robustness/gaussian/physical_complex_nrmse,mean/robustness/gaussian_delta/phase_circular_error,std/robustness/gaussian_delta/phase_circular_error,min/robustness/gaussian_delta/phase_circular_error,max/robustness/gaussian_delta/phase_circular_error,mean/robustness/gaussian_delta/physical_complex_nrmse,std/robustness/gaussian_delta/physical_complex_nrmse,min/robustness/gaussian_delta/physical_complex_nrmse,max/robustness/gaussian_delta/physical_complex_nrmse,mean/improvement/robustness/condition_cosine,std/improvement/robustness/condition_cosine,min/improvement/robustness/condition_cosine,max/improvement/robustness/condition_cosine,mean/improvement/robustness/condition_relative_rms,std/improvement/robustness/condition_relative_rms,min/improvement/robustness/condition_relative_rms,max/improvement/robustness/condition_relative_rms,mean/improvement/robustness/gaussian/phase_circular_error,std/improvement/robustness/gaussian/phase_circular_error,min/improvement/robustness/gaussian/phase_circular_error,max/improvement/robustness/gaussian/phase_circular_error,mean/improvement/robustness/gaussian/physical_complex_nrmse,std/improvement/robustness/gaussian/physical_complex_nrmse,min/improvement/robustness/gaussian/physical_complex_nrmse,max/improvement/robustness/gaussian/physical_complex_nrmse,mean/improvement/robustness/gaussian_delta/phase_circular_error,std/improvement/robustness/gaussian_delta/phase_circular_error,min/improvement/robustness/gaussian_delta/phase_circular_error,max/improvement/robustness/gaussian_delta/phase_circular_error,mean/improvement/robustness/gaussian_delta/physical_complex_nrmse,std/improvement/robustness/gaussian_delta/physical_complex_nrmse,min/improvement/robustness/gaussian_delta/physical_complex_nrmse,max/improvement/robustness/gaussian_delta/physical_complex_nrmse
b-beta,5000,exploratory,1,ikx99qd5,0.08460703492164612,,0.08460703492164612,0.08460703492164612,3.381079659448005e-05,,3.381079659448005e-05,3.381079659448005e-05,0.000969147018622607,,0.000969147018622607,0.000969147018622607,6.70507870381698e-05,,6.70507870381698e-05,6.70507870381698e-05,-0.2824595272541046,,-0.2824595272541046,-0.2824595272541046,0.5090202689170837,,0.5090202689170837,0.5090202689170837,0.32689449191093445,,0.32689449191093445,0.32689449191093445,0.29034918546676636,,0.29034918546676636,0.29034918546676636,0.7096738219261169,,0.7096738219261169,0.7096738219261169,0.2841786742210388,,0.2841786742210388,0.2841786742210388,0.3137272894382477,,0.3137272894382477,0.3137272894382477,0.0008608822827227414,,0.0008608822827227414,0.0008608822827227414,0.006429808214306831,,0.006429808214306831,0.006429808214306831,0.25111252069473267,,0.25111252069473267,0.25111252069473267,0.34664514660835266,,0.34664514660835266,0.34664514660835266,0.6499964594841003,,0.6499964594841003,0.6499964594841003,0.3062501847743988,,0.3062501847743988,0.3062501847743988,-0.01645219326019287,,-0.01645219326019287,-0.01645219326019287,-0.011757105588912964,,-0.011757105588912964,-0.011757105588912964,-0.0037013888359069824,,-0.0037013888359069824,-0.0037013888359069824,-0.0019663572311401367,,-0.0019663572311401367,-0.0019663572311401367,-0.00202023983001709,,-0.00202023983001709,-0.00202023983001709,-0.0016793012619018555,,-0.0016793012619018555,-0.0016793012619018555,-0.010464996099472046,,-0.010464996099472046,-0.010464996099472046,-9.472266538068652e-05,,-9.472266538068652e-05,-9.472266538068652e-05,-0.0005641062743961811,,-0.0005641062743961811,-0.0005641062743961811,-0.003397241234779358,,-0.003397241234779358,-0.003397241234779358,-0.0010174810886383057,,-0.0010174810886383057,-0.0010174810886383057,-0.014246881008148193,,-0.014246881008148193,-0.014246881008148193,0.00013715028762817383,,0.00013715028762817383,0.00013715028762817383,,,,,,,,,,,,,,,,,,,,,,,,,,,,,,,,,,,,,,,,,,,,,,,,,,,,,,,,,,,,
b-default,5000,exploratory,1,tg72wk7b,0.07149795442819595,,0.07149795442819595,0.07149795442819595,3.514612762955949e-05,,3.514612762955949e-05,3.514612762955949e-05,0.0006888970965519547,,0.0006888970965519547,0.0006888970965519547,7.53340864321217e-05,,7.53340864321217e-05,7.53340864321217e-05,-0.26600733399391174,,-0.26600733399391174,-0.26600733399391174,0.4972631633281708,,0.4972631633281708,0.4972631633281708,0.32319310307502747,,0.32319310307502747,0.32319310307502747,0.2883828282356262,,0.2883828282356262,0.2883828282356262,0.711694061756134,,0.711694061756134,0.711694061756134,0.28249937295913696,,0.28249937295913696,0.28249937295913696,0.30326229333877563,,0.30326229333877563,0.30326229333877563,0.0007661596173420548,,0.0007661596173420548,0.0007661596173420548,0.00586570193991065,,0.00586570193991065,0.00586570193991065,0.2477152794599533,,0.2477152794599533,0.2477152794599533,0.34562766551971436,,0.34562766551971436,0.34562766551971436,0.6357495784759521,,0.6357495784759521,0.6357495784759521,0.306387335062027,,0.306387335062027,0.306387335062027,,,,,,,,,,,,,,,,,,,,,,,,,,,,,,,,,,,,,,,,,,,,,,,,,,,,,,,,,,,,,,,,,,,,,,,,,,,,,,,,,,,,,,,,,,,,,,,,,,,,,,,,,,,,,,,,
b-polar-off,5000,exploratory,1,6pvs92fc,0.0730757787823677,,0.0730757787823677,0.0730757787823677,3.689778168336488e-05,,3.689778168336488e-05,3.689778168336488e-05,0.000684192287735641,,0.000684192287735641,0.000684192287735641,9.062495519174263e-05,,9.062495519174263e-05,9.062495519174263e-05,-0.27773186564445496,,-0.27773186564445496,-0.27773186564445496,0.5052312016487122,,0.5052312016487122,0.5052312016487122,0.32525548338890076,,0.32525548338890076,0.32525548338890076,0.288980633020401,,0.288980633020401,0.288980633020401,0.7110729217529297,,0.7110729217529297,0.7110729217529297,0.2840051054954529,,0.2840051054954529,0.2840051054954529,0.30771321058273315,,0.30771321058273315,0.30771321058273315,0.0007671135826967657,,0.0007671135826967657,0.0007671135826967657,0.005566158797591925,,0.005566158797591925,0.005566158797591925,0.2515770494937897,,0.2515770494937897,0.2515770494937897,0.34877651929855347,,0.34877651929855347,0.34877651929855347,0.6510328054428101,,0.6510328054428101,0.6510328054428101,0.3074377477169037,,0.3074377477169037,0.3074377477169037,-0.011724531650543213,,-0.011724531650543213,-0.011724531650543213,-0.007968038320541382,,-0.007968038320541382,-0.007968038320541382,-0.002062380313873291,,-0.002062380313873291,-0.002062380313873291,-0.0005978047847747803,,-0.0005978047847747803,-0.0005978047847747803,-0.0006211400032043457,,-0.0006211400032043457,-0.0006211400032043457,-0.001505732536315918,,-0.001505732536315918,-0.001505732536315918,-0.0044509172439575195,,-0.0044509172439575195,-0.0044509172439575195,-9.539653547108173e-07,,-9.539653547108173e-07,-9.539653547108173e-07,0.0002995431423187256,,0.0002995431423187256,0.0002995431423187256,-0.0038617700338363647,,-0.0038617700338363647,-0.0038617700338363647,-0.0031488537788391113,,-0.0031488537788391113,-0.0031488537788391113,-0.01528322696685791,,-0.01528322696685791,-0.01528322696685791,-0.001050412654876709,,-0.001050412654876709,-0.001050412654876709,,,,,,,,,,,,,,,,,,,,,,,,,,,,,,,,,,,,,,,,,,,,,,,,,,,,,,,,,,,,
b-target-off,5000,exploratory,1,yy8tfl8j,0.07752981781959534,,0.07752981781959534,0.07752981781959534,4.2089930502697825e-05,,4.2089930502697825e-05,4.2089930502697825e-05,0.0006388972979038954,,0.0006388972979038954,0.0006388972979038954,0.00010858046152861789,,0.00010858046152861789,0.00010858046152861789,-0.2496260404586792,,-0.2496260404586792,-0.2496260404586792,0.4821988046169281,,0.4821988046169281,0.4821988046169281,0.31137242913246155,,0.31137242913246155,0.31137242913246155,0.2735719084739685,,0.2735719084739685,0.2735719084739685,0.7265142202377319,,0.7265142202377319,0.7265142202377319,0.2830248773097992,,0.2830248773097992,0.2830248773097992,0.3012298047542572,,0.3012298047542572,0.3012298047542572,0.0008353256271220744,,0.0008353256271220744,0.0008353256271220744,0.007300717756152153,,0.007300717756152153,0.007300717756152153,0.23294784128665924,,0.23294784128665924,0.23294784128665924,0.3458678424358368,,0.3458678424358368,0.3458678424358368,0.58730548620224,,0.58730548620224,0.58730548620224,0.3081209063529968,,0.3081209063529968,0.3081209063529968,0.016381293535232544,,0.016381293535232544,0.016381293535232544,0.015064358711242676,,0.015064358711242676,0.015064358711242676,0.011820673942565918,,0.011820673942565918,0.011820673942565918,0.014810919761657715,,0.014810919761657715,0.014810919761657715,0.0148201584815979,,0.0148201584815979,0.0148201584815979,-0.0005255043506622314,,-0.0005255043506622314,-0.0005255043506622314,0.0020324885845184326,,0.0020324885845184326,0.0020324885845184326,-6.916600978001952e-05,,-6.916600978001952e-05,-6.916600978001952e-05,-0.0014350158162415028,,-0.0014350158162415028,-0.0014350158162415028,0.014767438173294067,,0.014767438173294067,0.014767438173294067,-0.00024017691612243652,,-0.00024017691612243652,-0.00024017691612243652,0.04844409227371216,,0.04844409227371216,0.04844409227371216,-0.0017335712909698486,,-0.0017335712909698486,-0.0017335712909698486,,,,,,,,,,,,,,,,,,,,,,,,,,,,,,,,,,,,,,,,,,,,,,,,,,,,,,,,,,,,
f-alpha0,5000,exploratory,1,tolf38it,0.07581532746553421,,0.07581532746553421,0.07581532746553421,3.3596690627746284e-05,,3.3596690627746284e-05,3.3596690627746284e-05,0.0007438469328917563,,0.0007438469328917563,0.0007438469328917563,8.897129009710625e-05,,8.897129009710625e-05,8.897129009710625e-05,-0.2645363509654999,,-0.2645363509654999,-0.2645363509654999,0.4967087209224701,,0.4967087209224701,0.4967087209224701,0.3240060806274414,,0.3240060806274414,0.3240060806274414,0.2877759635448456,,0.2877759635448456,0.2877759635448456,0.7122801542282104,,0.7122801542282104,0.7122801542282104,0.28481724858283997,,0.28481724858283997,0.28481724858283997,0.3076053261756897,,0.3076053261756897,0.3076053261756897,0.0007802218315191567,,0.0007802218315191567,0.0007802218315191567,0.006584827322512865,,0.006584827322512865,0.006584827322512865,0.25427916646003723,,0.25427916646003723,0.25427916646003723,0.34688785672187805,,0.34688785672187805,0.34688785672187805,0.6265091896057129,,0.6265091896057129,0.6265091896057129,0.30634430050849915,,0.30634430050849915,0.30634430050849915,,,,,,,,,,,,,,,,,,,,,,,,,,,,,,,,,,,,,,,,,,,,,,,,,,,,,,,,,,,,,,,,,,,,,,,,,,,,,,,,,,,,,,,,,,,,,,,,,,,,,,,,,,,,,,,,
f-alpha02,5000,exploratory,1,kvh7yt8o,0.08624888211488724,,0.08624888211488724,0.08624888211488724,3.582850695238449e-05,,3.582850695238449e-05,3.582850695238449e-05,0.0008856440545059741,,0.0008856440545059741,0.0008856440545059741,9.90494663710706e-05,,9.90494663710706e-05,9.90494663710706e-05,-0.2641730010509491,,-0.2641730010509491,-0.2641730010509491,0.4954984188079834,,0.4954984188079834,0.4954984188079834,0.32053300738334656,,0.32053300738334656,0.32053300738334656,0.28425881266593933,,0.28425881266593933,0.28425881266593933,0.7157873511314392,,0.7157873511314392,0.7157873511314392,0.282671183347702,,0.282671183347702,0.282671183347702,0.2994787395000458,,0.2994787395000458,0.2994787395000458,0.000942293438129127,,0.000942293438129127,0.000942293438129127,0.006276826374232769,,0.006276826374232769,0.006276826374232769,0.2637633979320526,,0.2637633979320526,0.2637633979320526,0.34799298644065857,,0.34799298644065857,0.34799298644065857,0.6122696399688721,,0.6122696399688721,0.6122696399688721,0.30100980401039124,,0.30100980401039124,0.30100980401039124,0.00036334991455078125,,0.00036334991455078125,0.00036334991455078125,0.0012103021144866943,,0.0012103021144866943,0.0012103021144866943,0.0034730732440948486,,0.0034730732440948486,0.0034730732440948486,0.00351715087890625,,0.00351715087890625,0.00351715087890625,0.0035071969032287598,,0.0035071969032287598,0.0035071969032287598,0.0021460652351379395,,0.0021460652351379395,0.0021460652351379395,0.008126586675643921,,0.008126586675643921,0.008126586675643921,-0.00016207160660997033,,-0.00016207160660997033,-0.00016207160660997033,0.00030800094828009605,,0.00030800094828009605,0.00030800094828009605,-0.00948423147201538,,-0.00948423147201538,-0.00948423147201538,-0.0011051297187805176,,-0.0011051297187805176,-0.0011051297187805176,0.01423954963684082,,0.01423954963684082,0.01423954963684082,0.00533449649810791,,0.00533449649810791,0.00533449649810791,,,,,,,,,,,,,,,,,,,,,,,,,,,,,,,,,,,,,,,,,,,,,,,,,,,,,,,,,,,,
f-alpha1,5000,exploratory,1,a421onhq,0.3157694637775421,,0.3157694637775421,0.3157694637775421,0.0004181031254120171,,0.0004181031254120171,0.0004181031254120171,0.004415052942931652,,0.004415052942931652,0.004415052942931652,4.515290493145585e-05,,4.515290493145585e-05,4.515290493145585e-05,-0.404039591550827,,-0.404039591550827,-0.404039591550827,0.6285545229911804,,0.6285545229911804,0.6285545229911804,0.39789748191833496,,0.39789748191833496,0.39789748191833496,0.3618488609790802,,0.3618488609790802,0.3618488609790802,0.6381879448890686,,0.6381879448890686,0.6381879448890686,0.2892319858074188,,0.2892319858074188,0.2892319858074188,0.3674868047237396,,0.3674868047237396,0.3674868047237396,0.0029162331484258175,,0.0029162331484258175,0.0029162331484258175,0.009386314079165459,,0.009386314079165459,0.009386314079165459,0.28125590085983276,,0.28125590085983276,0.28125590085983276,0.3467097282409668,,0.3467097282409668,0.3467097282409668,0.9479063153266907,,0.9479063153266907,0.9479063153266907,0.323294997215271,,0.323294997215271,0.323294997215271,-0.13950324058532715,,-0.13950324058532715,-0.13950324058532715,-0.13184580206871033,,-0.13184580206871033,-0.13184580206871033,-0.07389140129089355,,-0.07389140129089355,-0.07389140129089355,-0.07407289743423462,,-0.07407289743423462,-0.07407289743423462,-0.07409220933914185,,-0.07409220933914185,-0.07409220933914185,-0.004414737224578857,,-0.004414737224578857,-0.004414737224578857,-0.05988147854804993,,-0.05988147854804993,-0.05988147854804993,-0.002136011316906661,,-0.002136011316906661,-0.002136011316906661,-0.0028014867566525936,,-0.0028014867566525936,-0.0028014867566525936,-0.026976734399795532,,-0.026976734399795532,-0.026976734399795532,0.00017812848091125488,,0.00017812848091125488,0.00017812848091125488,-0.3213971257209778,,-0.3213971257209778,-0.3213971257209778,-0.01695069670677185,,-0.01695069670677185,-0.01695069670677185,,,,,,,,,,,,,,,,,,,,,,,,,,,,,,,,,,,,,,,,,,,,,,,,,,,,,,,,,,,,
f-gain,5000,exploratory,1,1i061qdh,0.08249820023775101,,0.08249820023775101,0.08249820023775101,3.4135464375140145e-05,,3.4135464375140145e-05,3.4135464375140145e-05,0.0008404357940889895,,0.0008404357940889895,0.0008404357940889895,8.64014436956495e-05,,8.64014436956495e-05,8.64014436956495e-05,-0.26682567596435547,,-0.26682567596435547,-0.26682567596435547,0.49811163544654846,,0.49811163544654846,0.49811163544654846,0.3199465274810791,,0.3199465274810791,0.3199465274810791,0.28456953167915344,,0.28456953167915344,0.28456953167915344,0.7154844403266907,,0.7154844403266907,0.7154844403266907,0.28227663040161133,,0.28227663040161133,0.28227663040161133,0.29864656925201416,,0.29864656925201416,0.29864656925201416,0.0008020669920369983,,0.0008020669920369983,0.0008020669920369983,0.006115963216871023,,0.006115963216871023,0.006115963216871023,0.25995728373527527,,0.25995728373527527,0.25995728373527527,0.3501598536968231,,0.3501598536968231,0.3501598536968231,0.6264536380767822,,0.6264536380767822,0.6264536380767822,0.29699569940567017,,0.29699569940567017,0.29699569940567017,-0.002652674913406372,,-0.002652674913406372,-0.002652674913406372,-0.0026132166385650635,,-0.0026132166385650635,-0.0026132166385650635,0.0005864799022674561,,0.0005864799022674561,0.0005864799022674561,-0.00031071901321411133,,-0.00031071901321411133,-0.00031071901321411133,-0.00030291080474853516,,-0.00030291080474853516,-0.00030291080474853516,0.00039455294609069824,,0.00039455294609069824,0.00039455294609069824,0.0008321702480316162,,0.0008321702480316162,0.0008321702480316162,0.00014022644609212875,,0.00014022644609212875,0.00014022644609212875,0.00016086315736174583,,0.00016086315736174583,0.00016086315736174583,0.0038061141967773438,,0.0038061141967773438,0.0038061141967773438,-0.0021668672561645508,,-0.0021668672561645508,-0.0021668672561645508,-0.014183998107910156,,-0.014183998107910156,-0.014183998107910156,0.004014104604721069,,0.004014104604721069,0.004014104604721069,1.0155494213104248,,1.0155494213104248,1.0155494213104248,1.0041704177856445,,1.0041704177856445,1.0041704177856445,0.9772825837135315,,0.9772825837135315,0.9772825837135315,,,,,,,,,,,,,,,,,,,,,,,,,,,,,,,,,,,,,,,,,,,,,,,,
g-clean,5000,exploratory,1,qujl58q8,0.08058705180883408,,0.08058705180883408,0.08058705180883408,3.4529373806435615e-05,,3.4529373806435615e-05,3.4529373806435615e-05,0.0008362606167793274,,0.0008362606167793274,0.0008362606167793274,7.220955740194768e-05,,7.220955740194768e-05,7.220955740194768e-05,-0.26520994305610657,,-0.26520994305610657,-0.26520994305610657,0.49596667289733887,,0.49596667289733887,0.49596667289733887,0.32070326805114746,,0.32070326805114746,0.32070326805114746,0.28377118706703186,,0.28377118706703186,0.28377118706703186,0.7162593603134155,,0.7162593603134155,0.7162593603134155,0.2796640992164612,,0.2796640992164612,0.2796640992164612,0.3009558320045471,,0.3009558320045471,0.3009558320045471,0.0009957535658031702,,0.0009957535658031702,0.0009957535658031702,0.005834714509546757,,0.005834714509546757,0.005834714509546757,0.2502439320087433,,0.2502439320087433,0.2502439320087433,0.34738603234291077,,0.34738603234291077,0.34738603234291077,0.618276834487915,,0.618276834487915,0.618276834487915,0.29507941007614136,,0.29507941007614136,0.29507941007614136,,,,,,,,,,,,,,,,,,,,,,,,,,,,,,,,,,,,,,,,,,,,,,,,,,,,,1.0133994817733765,,1.0133994817733765,1.0133994817733765,1.004024624824524,,1.004024624824524,1.004024624824524,0.9864277839660645,,0.9864277839660645,0.9864277839660645,0.9973569512367249,,0.9973569512367249,0.9973569512367249,0.07270549237728119,,0.07270549237728119,0.07270549237728119,0.2845788896083832,,0.2845788896083832,0.2845788896083832,0.2802250385284424,,0.2802250385284424,0.2802250385284424,0.0008077025413513184,,0.0008077025413513184,0.0008077025413513184,0.0005609393119812012,,0.0005609393119812012,0.0005609393119812012,,,,,,,,,,,,,,,,,,,,,,,,
g-noise,5000,exploratory,1,7xc4lsil,0.0696839913725853,,0.0696839913725853,0.0696839913725853,3.303290577605367e-05,,3.303290577605367e-05,3.303290577605367e-05,0.00043904443737119436,,0.00043904443737119436,0.00043904443737119436,7.766245835227892e-05,,7.766245835227892e-05,7.766245835227892e-05,-0.2621268332004547,,-0.2621268332004547,-0.2621268332004547,0.4950917959213257,,0.4950917959213257,0.4950917959213257,0.3188951313495636,,0.3188951313495636,0.3188951313495636,0.2817543148994446,,0.2817543148994446,0.2817543148994446,0.7183281183242798,,0.7183281183242798,0.7183281183242798,0.28116321563720703,,0.28116321563720703,0.28116321563720703,0.29891058802604675,,0.29891058802604675,0.29891058802604675,0.0010485282400622964,,0.0010485282400622964,0.0010485282400622964,0.0056793587282299995,,0.0056793587282299995,0.0056793587282299995,0.2567395567893982,,0.2567395567893982,0.2567395567893982,0.34413817524909973,,0.34413817524909973,0.34413817524909973,0.6009088754653931,,0.6009088754653931,0.6009088754653931,0.2939612865447998,,0.2939612865447998,0.2939612865447998,0.0030831098556518555,,0.0030831098556518555,0.0030831098556518555,0.0008748769760131836,,0.0008748769760131836,0.0008748769760131836,0.0018081367015838623,,0.0018081367015838623,0.0018081367015838623,0.0020168721675872803,,0.0020168721675872803,0.0020168721675872803,0.002068758010864258,,0.002068758010864258,0.002068758010864258,-0.0014991164207458496,,-0.0014991164207458496,-0.0014991164207458496,0.002045243978500366,,0.002045243978500366,0.002045243978500366,-5.2774674259126186e-05,,-5.2774674259126186e-05,-5.2774674259126186e-05,0.0001553557813167572,,0.0001553557813167572,0.0001553557813167572,-0.006495624780654907,,-0.006495624780654907,-0.006495624780654907,0.003247857093811035,,0.003247857093811035,0.003247857093811035,0.017367959022521973,,0.017367959022521973,0.017367959022521973,0.0011181235313415527,,0.0011181235313415527,0.0011181235313415527,1.0163086652755737,,1.0163086652755737,1.0163086652755737,1.0040358304977417,,1.0040358304977417,1.0040358304977417,0.9802839756011963,,0.9802839756011963,0.9802839756011963,0.9974578022956848,,0.9974578022956848,0.9974578022956848,0.07130684703588486,,0.07130684703588486,0.07130684703588486,0.2826133966445923,,0.2826133966445923,0.2826133966445923,0.2816459536552429,,0.2816459536552429,0.2816459536552429,0.0008590817451477051,,0.0008590817451477051,0.0008590817451477051,0.00048273801803588867,,0.00048273801803588867,0.00048273801803588867,0.00010085105895996094,,0.00010085105895996094,0.00010085105895996094,0.0013986453413963318,,0.0013986453413963318,0.0013986453413963318,0.0019654929637908936,,0.0019654929637908936,0.0019654929637908936,-0.0014209151268005371,,-0.0014209151268005371,-0.0014209151268005371,-5.137920379638672e-05,,-5.137920379638672e-05,-5.137920379638672e-05,7.82012939453125e-05,,7.82012939453125e-05,7.82012939453125e-05
n0,5000,exploratory,1,p6aqj5zq,0.07437516748905182,,0.07437516748905182,0.07437516748905182,3.603684308473021e-05,,3.603684308473021e-05,3.603684308473021e-05,0.0007201939588412642,,0.0007201939588412642,0.0007201939588412642,8.895034261513501e-05,,8.895034261513501e-05,8.895034261513501e-05,-0.2695043385028839,,-0.2695043385028839,-0.2695043385028839,0.49770990014076233,,0.49770990014076233,0.49770990014076233,0.3234810531139374,,0.3234810531139374,0.3234810531139374,0.2891950309276581,,0.2891950309276581,0.2891950309276581,0.710844874382019,,0.710844874382019,0.710844874382019,0.2840036153793335,,0.2840036153793335,0.2840036153793335,0.29978662729263306,,0.29978662729263306,0.29978662729263306,0.0007640855619683862,,0.0007640855619683862,0.0007640855619683862,0.007360630668699741,,0.007360630668699741,0.007360630668699741,0.2607043981552124,,0.2607043981552124,0.2607043981552124,0.34450116753578186,,0.34450116753578186,0.34450116753578186,0.6218079328536987,,0.6218079328536987,0.6218079328536987,0.30147984623908997,,0.30147984623908997,0.30147984623908997,,,,,,,,,,,,,,,,,,,,,,,,,,,,,,,,,,,,,,,,,,,,,,,,,,,,,,,,,,,,,,,,,,,,,,,,,,,,,,,,,,,,,,,,,,,,,,,,,,,,,,,,,,,,,,,,
n1,5000,exploratory,1,szgvtbvx,0.07010917365550995,,0.07010917365550995,0.07010917365550995,3.611183274188079e-05,,3.611183274188079e-05,3.611183274188079e-05,0.0006603901274502277,,0.0006603901274502277,0.0006603901274502277,7.732991070952266e-05,,7.732991070952266e-05,7.732991070952266e-05,-0.2729889750480652,,-0.2729889750480652,-0.2729889750480652,0.5021604299545288,,0.5021604299545288,0.5021604299545288,0.32712849974632263,,0.32712849974632263,0.32712849974632263,0.28911104798316956,,0.28911104798316956,0.28911104798316956,0.7109241485595703,,0.7109241485595703,0.7109241485595703,0.2833671271800995,,0.2833671271800995,0.2833671271800995,0.3061087429523468,,0.3061087429523468,0.3061087429523468,0.0009390948107466102,,0.0009390948107466102,0.0009390948107466102,0.006380649749189615,,0.006380649749189615,0.006380649749189615,0.25381162762641907,,0.25381162762641907,0.25381162762641907,0.3439236581325531,,0.3439236581325531,0.3439236581325531,0.620237410068512,,0.620237410068512,0.620237410068512,0.30475369095802307,,0.30475369095802307,0.30475369095802307,-0.0034846365451812744,,-0.0034846365451812744,-0.0034846365451812744,-0.0044505298137664795,,-0.0044505298137664795,-0.0044505298137664795,-0.003647446632385254,,-0.003647446632385254,-0.003647446632385254,8.398294448852539e-05,,8.398294448852539e-05,8.398294448852539e-05,7.927417755126953e-05,,7.927417755126953e-05,7.927417755126953e-05,0.0006364881992340088,,0.0006364881992340088,0.0006364881992340088,-0.006322115659713745,,-0.006322115659713745,-0.006322115659713745,-0.000175009248778224,,-0.000175009248778224,-0.000175009248778224,0.0009799809195101261,,0.0009799809195101261,0.0009799809195101261,0.006892770528793335,,0.006892770528793335,0.006892770528793335,0.0005775094032287598,,0.0005775094032287598,0.0005775094032287598,0.0015705227851867676,,0.0015705227851867676,0.0015705227851867676,-0.0032738447189331055,,-0.0032738447189331055,-0.0032738447189331055,,,,,,,,,,,,,,,,,,,,,,,,,,,,,,,,,,,,,,,,,,,,,,,,,,,,,,,,,,,,
n2,5000,exploratory,1,m2vjgawc,0.07014892995357513,,0.07014892995357513,0.07014892995357513,3.334945358801633e-05,,3.334945358801633e-05,3.334945358801633e-05,0.0006199812050908804,,0.0006199812050908804,0.0006199812050908804,8.739758777664974e-05,,8.739758777664974e-05,8.739758777664974e-05,-0.2695506513118744,,-0.2695506513118744,-0.2695506513118744,0.5012415647506714,,0.5012415647506714,0.5012415647506714,0.32712796330451965,,0.32712796330451965,0.32712796330451965,0.2894681692123413,,0.2894681692123413,0.2894681692123413,0.7105530500411987,,0.7105530500411987,0.7105530500411987,0.2844008505344391,,0.2844008505344391,0.2844008505344391,0.3011235296726227,,0.3011235296726227,0.3011235296726227,0.0008261482580564916,,0.0008261482580564916,0.0008261482580564916,0.0064519234001636505,,0.0064519234001636505,0.0064519234001636505,0.25379306077957153,,0.25379306077957153,0.25379306077957153,0.35028931498527527,,0.35028931498527527,0.35028931498527527,0.650443971157074,,0.650443971157074,0.650443971157074,0.307585746049881,,0.307585746049881,0.307585746049881,-4.6312808990478516e-05,,-4.6312808990478516e-05,-4.6312808990478516e-05,-0.0035316646099090576,,-0.0035316646099090576,-0.0035316646099090576,-0.0036469101905822754,,-0.0036469101905822754,-0.0036469101905822754,-0.00027313828468322754,,-0.00027313828468322754,-0.00027313828468322754,-0.0002918243408203125,,-0.0002918243408203125,-0.0002918243408203125,-0.0003972351551055908,,-0.0003972351551055908,-0.0003972351551055908,-0.001336902379989624,,-0.001336902379989624,-0.001336902379989624,-6.206269608810544e-05,,-6.206269608810544e-05,-6.206269608810544e-05,0.0009087072685360909,,0.0009087072685360909,0.0009087072685360909,0.006911337375640869,,0.006911337375640869,0.006911337375640869,-0.005788147449493408,,-0.005788147449493408,-0.005788147449493408,-0.028636038303375244,,-0.028636038303375244,-0.028636038303375244,-0.006105899810791016,,-0.006105899810791016,-0.006105899810791016,,,,,,,,,,,,,,,,,,,,,,,,,,,,,,,,,,,,,,,,,,,,,,,,,,,,,,,,,,,,
p0,5000,exploratory,1,tmwih3vp,0.0448606014251709,,0.0448606014251709,0.0448606014251709,4.299044667277485e-05,,4.299044667277485e-05,4.299044667277485e-05,0.0005483209970407188,,0.0005483209970407188,0.0005483209970407188,1.519025863672141e-05,,1.519025863672141e-05,1.519025863672141e-05,-0.4027142822742462,,-0.4027142822742462,-0.4027142822742462,0.616459310054779,,0.616459310054779,0.616459310054779,0.3954728841781616,,0.3954728841781616,0.3954728841781616,0.35797810554504395,,0.35797810554504395,0.35797810554504395,0.642051637172699,,0.642051637172699,0.642051637172699,0.2941228747367859,,0.2941228747367859,0.2941228747367859,0.3756363093852997,,0.3756363093852997,0.3756363093852997,0.0009766542352735996,,0.0009766542352735996,0.0009766542352735996,0.005817428231239319,,0.005817428231239319,0.005817428231239319,0.2854483425617218,,0.2854483425617218,0.2854483425617218,0.3502636253833771,,0.3502636253833771,0.3502636253833771,0.953053891658783,,0.953053891658783,0.953053891658783,0.33465906977653503,,0.33465906977653503,0.33465906977653503,,,,,,,,,,,,,,,,,,,,,,,,,,,,,,,,,,,,,,,,,,,,,,,,,,,,,,,,,,,,,,,,,,,,,,,,,,,,,,,,,,,,,,,,,,,,,,,,,,,,,,,,,,,,,,,,
p0,30000,medium,2,"js4qeji7,6lo2lwim",0.09537104144692421,0.0051761124175395985,0.09171097725629807,0.09903110563755035,9.38191769819241e-05,1.416235978569618e-06,9.281774691771716e-05,9.482060704613104e-05,0.000344085565302521,2.3787615445097792e-05,0.0003272651811130345,0.0003609059494920075,0.00011329776316415519,4.574550613379735e-05,8.095080556813627e-05,0.0001456447207601741,-0.33107876777648926,0.002340962406840587,-0.332734078168869,-0.3294234573841095,0.567996084690094,0.0026383084230849445,0.566130518913269,0.569861650466919,0.4164644777774811,0.0007279603674801617,0.4159497320652008,0.41697922348976135,0.3620316833257675,0.0028622135557990693,0.36000779271125793,0.3640555739402771,0.6379827558994293,0.0028693995934701766,0.6359537839889526,0.640011727809906,0.2978258728981018,0.004858857283729908,0.29439014196395874,0.3012616038322449,0.34090493619441986,0.0010131891647776371,0.34018850326538086,0.34162136912345886,0.0005365040124161169,8.759598903658328e-05,0.0004745642945636064,0.0005984437302686274,0.004456587601453066,0.0008117713513775984,0.0038825785741209984,0.005030596628785133,0.292926162481308,0.012057370421996564,0.2844003140926361,0.30145201086997986,0.39133358001708984,0.0038971083475598167,0.3885779082775116,0.3940892517566681,0.9022546708583832,0.0314227936415396,0.880035400390625,0.9244739413261414,0.30895863473415375,0.006088849837247583,0.3046531677246094,0.3132641017436981,,,,,,,,,,,,,,,,,,,,,,,,,,,,,,,,,,,,,,,,,,,,,,,,,,,,,,,,,,,,,,,,,,,,,,,,,,,,,,,,,,,,,,,,,,,,,,,,,,,,,,,,,,,,,,,,
p1,5000,exploratory,1,frhb85wx,0.07961965352296829,,0.07961965352296829,0.07961965352296829,3.3267089747823775e-05,,3.3267089747823775e-05,3.3267089747823775e-05,0.0008012072066776454,,0.0008012072066776454,0.0008012072066776454,8.822299423627555e-05,,8.822299423627555e-05,8.822299423627555e-05,-0.2761050760746002,,-0.2761050760746002,-0.2761050760746002,0.5026032328605652,,0.5026032328605652,0.5026032328605652,0.32814183831214905,,0.32814183831214905,0.32814183831214905,0.2906242311000824,,0.2906242311000824,0.2906242311000824,0.7094278931617737,,0.7094278931617737,0.7094278931617737,0.28563040494918823,,0.28563040494918823,0.28563040494918823,0.3056710362434387,,0.3056710362434387,0.3056710362434387,0.0007354437839239836,,0.0007354437839239836,0.0007354437839239836,0.006070206873118877,,0.006070206873118877,0.006070206873118877,0.24626167118549347,,0.24626167118549347,0.24626167118549347,0.3426678776741028,,0.3426678776741028,0.3426678776741028,0.6391633749008179,,0.6391633749008179,0.6391633749008179,0.3046606481075287,,0.3046606481075287,0.3046606481075287,0.126609206199646,,0.126609206199646,0.126609206199646,0.11385607719421387,,0.11385607719421387,0.11385607719421387,0.06733104586601257,,0.06733104586601257,0.06733104586601257,0.06735387444496155,,0.06735387444496155,0.06735387444496155,0.06737625598907471,,0.06737625598907471,0.06737625598907471,0.008492469787597656,,0.008492469787597656,0.008492469787597656,0.06996527314186096,,0.06996527314186096,0.06996527314186096,0.00024121045134961605,,0.00024121045134961605,0.00024121045134961605,-0.00025277864187955856,,-0.00025277864187955856,-0.00025277864187955856,0.03918667137622833,,0.03918667137622833,0.03918667137622833,0.007595747709274292,,0.007595747709274292,0.007595747709274292,0.3138905167579651,,0.3138905167579651,0.3138905167579651,0.029998421669006348,,0.029998421669006348,0.029998421669006348,,,,,,,,,,,,,,,,,,,,,,,,,,,,,,,,,,,,,,,,,,,,,,,,,,,,,,,,,,,,
p1,30000,medium,2,"eti0yoyk,mwvqimzh",0.10155991464853287,0.0034011242342836157,0.09915495663881302,0.10396487265825272,6.406322791008279e-05,3.6390757920807575e-07,6.380590639309958e-05,6.4320549427066e-05,0.0003264111583121121,9.832069504181998e-06,0.00031945883529260755,0.00033336348133161664,0.00010829660095623694,4.407941939787489e-06,0.00010517971531953663,0.00011141348659293726,-0.12625259906053543,0.00038835159889150534,-0.12652720510959625,-0.1259779930114746,0.40488259494304657,0.0027251520044416417,0.4029556214809418,0.40680956840515137,0.2970779985189438,0.007712346441887221,0.2916245460510254,0.3025314509868622,0.23334352672100067,1.5236085736688192e-05,0.23333275318145752,0.23335430026054382,0.7666634023189545,1.3023376189866256e-05,0.7666541934013367,0.7666726112365723,0.289162278175354,0.0016929546109855915,0.28796517848968506,0.29035937786102295,0.21059881150722504,1.2622981129012763e-05,0.21058988571166992,0.21060773730278015,0.00041364152275491506,0.00010874864442814698,0.0003367446188349277,0.0004905384266749024,0.004209123086184263,0.0001139407122266621,0.0041285548359155655,0.004289691336452961,0.24154818058013916,0.00411648269405902,0.23863738775253296,0.24445897340774536,0.39429140090942383,0.013670077433417414,0.3846251964569092,0.4039576053619385,0.29533638060092926,0.012209625912242169,0.28670287132263184,0.3039698898792267,0.27166740596294403,0.005756100468254075,0.2675972282886505,0.27573758363723755,0.20482616871595383,0.0019526108079490818,0.2034454643726349,0.20620687305927277,0.16311348974704742,0.005363460427526587,0.15932095050811768,0.16690602898597717,0.11938647925853729,0.00698438607440706,0.11444777250289917,0.12432518601417542,0.12868815660476685,0.0028774496415357575,0.1266534924507141,0.13072282075881958,0.12868064641952515,0.0028824229696600427,0.12664246559143066,0.13071882724761963,0.008663594722747803,0.006551811894715499,0.004030764102935791,0.013296425342559814,0.13030612468719482,0.00102581214590665,0.1295807659626007,0.13103148341178894,0.00012286248966120183,2.1152655391563686e-05,0.00010790530359372497,0.0001378196757286787,0.00024746451526880264,0.0006978306391509364,-0.0002459762617945671,0.0007409052923321724,0.05137798190116882,0.016173853116055584,0.03994134068489075,0.0628146231174469,-0.0029578208923339844,0.01756718578097723,-0.01537969708442688,0.009464055299758911,0.6069182902574539,0.04363241955378177,0.5760655105113983,0.6377710700035095,0.03729122877120972,0.0003327493689935084,0.03705593943595886,0.03752651810646057,,,,,,,,,,,,,,,,,,,,,,,,,,,,,,,,,,,,,,,,,,,,,,,,,,,,,,,,,,,,
p2,5000,exploratory,1,ztr0wk29,0.11461175233125687,,0.11461175233125687,0.11461175233125687,3.60228841600474e-05,,3.60228841600474e-05,3.60228841600474e-05,0.0006883681635372341,,0.0006883681635372341,0.0006883681635372341,0.00013733537343796343,,0.00013733537343796343,0.00013733537343796343,-0.2886888086795807,,-0.2886888086795807,-0.2886888086795807,0.5156273245811462,,0.5156273245811462,0.5156273245811462,0.3337283134460449,,0.3337283134460449,0.3337283134460449,0.2969560921192169,,0.2969560921192169,0.2969560921192169,0.7030577063560486,,0.7030577063560486,0.7030577063560486,0.28555023670196533,,0.28555023670196533,0.28555023670196533,0.3126857578754425,,0.3126857578754425,0.3126857578754425,0.0008651127573102713,,0.0008651127573102713,0.0008651127573102713,0.0073334467597305775,,0.0073334467597305775,0.0073334467597305775,0.2508820593357086,,0.2508820593357086,0.2508820593357086,0.3445035219192505,,0.3445035219192505,0.3445035219192505,0.6649757623672485,,0.6649757623672485,0.6649757623672485,0.3097681403160095,,0.3097681403160095,0.3097681403160095,0.11402547359466553,,0.11402547359466553,0.11402547359466553,0.10083198547363281,,0.10083198547363281,0.10083198547363281,0.0617445707321167,,0.0617445707321167,0.0617445707321167,0.061022013425827026,,0.061022013425827026,0.061022013425827026,0.06100606918334961,,0.06100606918334961,0.06100606918334961,0.008572638034820557,,0.008572638034820557,0.008572638034820557,0.06295055150985718,,0.06295055150985718,0.06295055150985718,0.00011154147796332836,,0.00011154147796332836,0.00011154147796332836,-0.0015160185284912586,,-0.0015160185284912586,-0.0015160185284912586,0.034566283226013184,,0.034566283226013184,0.034566283226013184,0.005760103464126587,,0.005760103464126587,0.005760103464126587,0.2880781292915344,,0.2880781292915344,0.2880781292915344,0.024890929460525513,,0.024890929460525513,0.024890929460525513,,,,,,,,,,,,,,,,,,,,,,,,,,,,,,,,,,,,,,,,,,,,,,,,,,,,,,,,,,,,
r0,5000,exploratory,1,l2euce0q,0.07460013031959534,,0.07460013031959534,0.07460013031959534,3.5812547139357775e-05,,3.5812547139357775e-05,3.5812547139357775e-05,0.0007334550027735531,,0.0007334550027735531,0.0007334550027735531,8.755917951930314e-05,,8.755917951930314e-05,8.755917951930314e-05,-0.27486127614974976,,-0.27486127614974976,-0.27486127614974976,0.5027422904968262,,0.5027422904968262,0.5027422904968262,0.32664239406585693,,0.32664239406585693,0.32664239406585693,0.28869473934173584,,0.28869473934173584,0.28869473934173584,0.7113348841667175,,0.7113348841667175,0.7113348841667175,0.28464144468307495,,0.28464144468307495,0.28464144468307495,0.3060497045516968,,0.3060497045516968,0.3060497045516968,0.0007437583990395069,,0.0007437583990395069,0.0007437583990395069,0.006341851782053709,,0.006341851782053709,0.006341851782053709,0.2500212788581848,,0.2500212788581848,0.2500212788581848,0.3438261151313782,,0.3438261151313782,0.3438261151313782,0.6491004824638367,,0.6491004824638367,0.6491004824638367,0.30894702672958374,,0.30894702672958374,0.30894702672958374,,,,,,,,,,,,,,,,,,,,,,,,,,,,,,,,,,,,,,,,,,,,,,,,,,,,,,,,,,,,,,,,,,,,,,,,,,,,,,,,,,,,,,,,,,,,,,,,,,,,,,,,,,,,,,,,
r1,5000,exploratory,1,iaxg3jow,0.07363206148147583,,0.07363206148147583,0.07363206148147583,3.608666156651452e-05,,3.608666156651452e-05,3.608666156651452e-05,0.0007062279619276524,,0.0007062279619276524,0.0007062279619276524,8.157099364325404e-05,,8.157099364325404e-05,8.157099364325404e-05,-0.27233514189720154,,-0.27233514189720154,-0.27233514189720154,0.502012312412262,,0.502012312412262,0.502012312412262,0.32823190093040466,,0.32823190093040466,0.32823190093040466,0.28912436962127686,,0.28912436962127686,0.28912436962127686,0.7109370231628418,,0.7109370231628418,0.7109370231628418,0.28451740741729736,,0.28451740741729736,0.28451740741729736,0.30691248178482056,,0.30691248178482056,0.30691248178482056,0.0008240288589149714,,0.0008240288589149714,0.0008240288589149714,0.006280932109802961,,0.006280932109802961,0.006280932109802961,0.2524055242538452,,0.2524055242538452,0.2524055242538452,0.3461492359638214,,0.3461492359638214,0.3461492359638214,0.6491559743881226,,0.6491559743881226,0.6491559743881226,0.30479270219802856,,0.30479270219802856,0.30479270219802856,0.0025261342525482178,,0.0025261342525482178,0.0025261342525482178,0.000729978084564209,,0.000729978084564209,0.000729978084564209,-0.0015895068645477295,,-0.0015895068645477295,-0.0015895068645477295,-0.0004296302795410156,,-0.0004296302795410156,-0.0004296302795410156,-0.0003978610038757324,,-0.0003978610038757324,-0.0003978610038757324,0.0001240372657775879,,0.0001240372657775879,0.0001240372657775879,-0.0008627772331237793,,-0.0008627772331237793,-0.0008627772331237793,-8.027045987546444e-05,,-8.027045987546444e-05,-8.027045987546444e-05,6.091967225074768e-05,,6.091967225074768e-05,6.091967225074768e-05,-0.0023842453956604004,,-0.0023842453956604004,-0.0023842453956604004,-0.0023231208324432373,,-0.0023231208324432373,-0.0023231208324432373,-5.549192428588867e-05,,-5.549192428588867e-05,-5.549192428588867e-05,0.004154324531555176,,0.004154324531555176,0.004154324531555176,,,,,,,,,,,,,,,,,,,,,,,,,,,,,,,,,,,,,,,,,,,,,,,,,,,,,,,,,,,,
r2,5000,exploratory,1,w67js941,0.07213149964809418,,0.07213149964809418,0.07213149964809418,3.3547326893312857e-05,,3.3547326893312857e-05,3.3547326893312857e-05,0.00065702322172001,,0.00065702322172001,0.00065702322172001,8.54784666444175e-05,,8.54784666444175e-05,8.54784666444175e-05,-0.2666948735713959,,-0.2666948735713959,-0.2666948735713959,0.49758243560791016,,0.49758243560791016,0.49758243560791016,0.3241967260837555,,0.3241967260837555,0.3241967260837555,0.2893025577068329,,0.2893025577068329,0.2893025577068329,0.710773766040802,,0.710773766040802,0.710773766040802,0.284067302942276,,0.284067302942276,0.284067302942276,0.3066729009151459,,0.3066729009151459,0.3066729009151459,0.0007458696491084993,,0.0007458696491084993,0.0007458696491084993,0.0071450951509177685,,0.0071450951509177685,0.0071450951509177685,0.24425582587718964,,0.24425582587718964,0.24425582587718964,0.3431495726108551,,0.3431495726108551,0.3431495726108551,0.6391524076461792,,0.6391524076461792,0.6391524076461792,0.3028804063796997,,0.3028804063796997,0.3028804063796997,0.008166402578353882,,0.008166402578353882,0.008166402578353882,0.005159854888916016,,0.005159854888916016,0.005159854888916016,0.0024456679821014404,,0.0024456679821014404,0.0024456679821014404,-0.0006078183650970459,,-0.0006078183650970459,-0.0006078183650970459,-0.0005611181259155273,,-0.0005611181259155273,-0.0005611181259155273,0.0005741417407989502,,0.0005741417407989502,0.0005741417407989502,-0.0006231963634490967,,-0.0006231963634490967,-0.0006231963634490967,-2.1112500689923763e-06,,-2.1112500689923763e-06,-2.1112500689923763e-06,-0.0008032433688640594,,-0.0008032433688640594,-0.0008032433688640594,0.005765452980995178,,0.005765452980995178,0.005765452980995178,0.0006765425205230713,,0.0006765425205230713,0.0006765425205230713,0.00994807481765747,,0.00994807481765747,0.00994807481765747,0.006066620349884033,,0.006066620349884033,0.006066620349884033,,,,,,,,,,,,,,,,,,,,,,,,,,,,,,,,,,,,,,,,,,,,,,,,,,,,,,,,,,,,
s0,5000,exploratory,1,wi4nbwji,0.07543158531188965,,0.07543158531188965,0.07543158531188965,3.499906597426161e-05,,3.499906597426161e-05,3.499906597426161e-05,0.0006919414736330509,,0.0006919414736330509,0.0006919414736330509,0.00010070748248836026,,0.00010070748248836026,0.00010070748248836026,-0.27004969120025635,,-0.27004969120025635,-0.27004969120025635,0.4996517598628998,,0.4996517598628998,0.4996517598628998,0.32554543018341064,,0.32554543018341064,0.32554543018341064,0.2878926992416382,,0.2878926992416382,0.2878926992416382,0.7121161222457886,,0.7121161222457886,0.7121161222457886,0.2851777672767639,,0.2851777672767639,0.2851777672767639,0.3055587410926819,,0.3055587410926819,0.3055587410926819,0.0007000352488830686,,0.0007000352488830686,0.0007000352488830686,0.006508890073746443,,0.006508890073746443,0.006508890073746443,0.25582632422447205,,0.25582632422447205,0.25582632422447205,0.3412947654724121,,0.3412947654724121,0.3412947654724121,0.6235866546630859,,0.6235866546630859,0.6235866546630859,0.3074045181274414,,0.3074045181274414,0.3074045181274414,,,,,,,,,,,,,,,,,,,,,,,,,,,,,,,,,,,,,,,,,,,,,,,,,,,,,,,,,,,,,,,,,,,,,,,,,,,,,,,,,,,,,,,,,,,,,,,,,,,,,,,,,,,,,,,,
s1,5000,exploratory,1,vhy7csmd,0.0814453661441803,,0.0814453661441803,0.0814453661441803,3.4821110602933913e-05,,3.4821110602933913e-05,3.4821110602933913e-05,0.0008177667041309178,,0.0008177667041309178,0.0008177667041309178,9.31542381295003e-05,,9.31542381295003e-05,9.31542381295003e-05,-0.2627885043621063,,-0.2627885043621063,-0.2627885043621063,0.4941720962524414,,0.4941720962524414,0.4941720962524414,0.3202466070652008,,0.3202466070652008,0.3202466070652008,0.2846471667289734,,0.2846471667289734,0.2846471667289734,0.7153741121292114,,0.7153741121292114,0.7153741121292114,0.28381529450416565,,0.28381529450416565,0.28381529450416565,0.3024749457836151,,0.3024749457836151,0.3024749457836151,0.0006216467591002584,,0.0006216467591002584,0.0006216467591002584,0.008411183021962643,,0.008411183021962643,0.008411183021962643,0.2529931366443634,,0.2529931366443634,0.2529931366443634,0.34994781017303467,,0.34994781017303467,0.34994781017303467,0.6051565408706665,,0.6051565408706665,0.6051565408706665,0.2937360107898712,,0.2937360107898712,0.2937360107898712,0.007261186838150024,,0.007261186838150024,0.007261186838150024,0.005479663610458374,,0.005479663610458374,0.005479663610458374,0.005298823118209839,,0.005298823118209839,0.005298823118209839,0.003245532512664795,,0.003245532512664795,0.003245532512664795,0.0032579898834228516,,0.0032579898834228516,0.0032579898834228516,0.0013624727725982666,,0.0013624727725982666,0.0013624727725982666,0.0030837953090667725,,0.0030837953090667725,0.0030837953090667725,7.838848978281021e-05,,7.838848978281021e-05,7.838848978281021e-05,-0.0019022929482161999,,-0.0019022929482161999,-0.0019022929482161999,0.0028331875801086426,,0.0028331875801086426,0.0028331875801086426,-0.008653044700622559,,-0.008653044700622559,-0.008653044700622559,0.018430113792419434,,0.018430113792419434,0.018430113792419434,0.01366850733757019,,0.01366850733757019,0.01366850733757019,,,,,,,,,,,,,,,,,,,,,,,,,,,,,,,,,,,,,,,,,,,,,,,,,,,,,,,,,,,,
